"","cofip_sub","cofip_nbr_nbr","id"
"1",4027,6073,402706073
"2",4015,6029,401506029
"3",4015,6037,401506037
"4",4015,6059,401506059
"5",4015,49017,401549017
"6",4012,6029,401206029
"7",4012,6037,401206037
"8",4012,6059,401206059
"9",4012,6073,401206073
"12",4001,8111,400108111
"13",4001,35043,400135043
"14",4001,35051,400135051
"15",4001,35053,400135053
"16",4001,35001,400135001
"19",4001,35061,400135061
"21",4001,49015,400149015
"22",4001,49017,400149017
"23",4001,49055,400149055
"24",1061,12005,106112005
"25",1061,12133,106112133
"27",1061,12013,106112013
"28",1061,12077,106112077
"31",1039,12005,103912005
"32",1039,12133,103912133
"33",1069,12005,106912005
"34",1069,12013,106912013
"35",1069,12077,106912077
"36",1069,12133,106912133
"37",1069,13007,106913007
"38",1069,13037,106913037
"39",1069,13201,106913201
"41",12065,13071,1206513071
"42",12065,13075,1206513075
"44",12065,13205,1206513205
"45",12039,13007,1203913007
"46",12039,13201,1203913201
"47",12039,13205,1203913205
"50",1113,13197,111313197
"51",1113,13263,111313263
"53",1113,13243,111313243
"54",1113,13307,111313307
"56",1017,13199,101713199
"57",1017,13263,101713263
"58",1017,13077,101713077
"60",12089,13025,1208913025
"62",12089,13127,1208913127
"63",12073,13205,1207313205
"64",12073,13071,1207313071
"66",1019,13015,101913015
"67",1019,13129,101913129
"69",1019,13223,101913223
"70",12003,13003,1200313003
"71",12003,13173,1200313173
"72",12003,13025,1200313025
"74",12003,13005,1200313005
"76",12003,13069,1200313069
"77",12003,13229,1200313229
"78",1081,13199,108113199
"79",1081,13263,108113263
"81",12047,13173,1204713173
"82",12047,13019,1204713019
"83",12047,13075,1204713075
"85",1005,13037,100513037
"86",1005,13243,100513243
"87",1005,13197,100513197
"89",1005,13307,100513307
"91",1071,47031,107147031
"92",1071,47061,107147061
"93",1071,47127,107147127
"95",1071,47153,107147153
"96",12079,13019,1207913019
"97",12079,13075,1207913075
"98",12079,13173,1207913173
"99",12079,13071,1207913071
"101",1067,13007,106713007
"102",1067,13037,106713037
"103",1067,13201,106713201
"105",1067,13243,106713243
"106",1111,13077,111113077
"107",1111,13199,111113199
"110",1111,13097,111113097
"111",1111,13121,111113121
"112",1111,13223,111113223
"113",1029,13015,102913015
"114",1029,13223,102913223
"116",1029,13077,102913077
"117",1029,13097,102913097
"118",1029,13121,102913121
"120",12063,13201,1206313201
"121",1049,13129,104913129
"122",12023,13003,1202313003
"123",12023,13173,1202313173
"125",17075,18073,1707518073
"127",17075,18157,1707518157
"128",17075,18181,1707518181
"129",17023,18021,1702318021
"130",17023,18121,1702318121
"132",17023,18055,1702318055
"133",17185,18125,1718518125
"134",17185,18027,1718518027
"135",17185,18055,1718518055
"137",17059,21233,1705921233
"138",17091,18073,1709118073
"140",17091,18127,1709118127
"141",17031,18073,1703118073
"142",17031,18127,1703118127
"143",17033,18021,1703318021
"144",17033,18055,1703318055
"145",17033,18027,1703318027
"147",17033,18125,1703318125
"148",17101,18027,1710118027
"149",17101,18055,1710118055
"150",17101,18125,1710118125
"151",17183,18073,1718318073
"152",17183,18157,1718318157
"153",17183,18181,1718318181
"154",17183,18045,1718318045
"157",17183,18121,1718318121
"158",17193,18125,1719318125
"159",17045,18045,1704518045
"160",17045,18121,1704518121
"161",17045,18021,1704518021
"163",17197,18073,1719718073
"164",17197,18127,1719718127
"165",17071,19087,1707119087
"167",17085,19105,1708519105
"168",17085,19055,1708519055
"170",17085,55049,1708555049
"172",17085,55103,1708555103
"173",17067,19087,1706719087
"174",17067,29103,1706729103
"176",17067,29205,1706729205
"177",17015,19105,1701519105
"178",17015,19031,1701519031
"180",17161,19087,1716119087
"181",17161,19103,1716119103
"182",17161,19183,1716119183
"183",17161,19031,1716119031
"187",17161,19105,1716119105
"188",17131,19087,1713119087
"189",17131,19103,1713119103
"190",17131,19183,1713119183
"192",17195,19031,1719519031
"193",17195,19105,1719519105
"194",8009,20067,800920067
"195",8009,20093,800920093
"196",8009,35021,800935021
"197",8063,20109,806320109
"198",8063,20193,806320193
"200",8063,20203,806320203
"201",8125,31085,812531085
"203",8061,20203,806120203
"204",8017,20203,801720203
"205",8017,20109,801720109
"207",8099,20067,809920067
"208",8099,20093,809920093
"209",8099,20203,809920203
"213",18163,21149,1816321149
"214",18163,21233,1816321233
"215",17069,21033,1706921033
"216",17069,21143,1706921143
"217",17069,21233,1706921233
"220",17069,21157,1706921157
"221",17003,29207,1700329207
"222",17003,29017,1700329017
"224",18019,21029,1801921029
"225",18019,21211,1801921211
"226",18019,21215,1801921215
"227",18019,21103,1801921103
"230",18173,21149,1817321149
"231",18173,21233,1817321233
"233",18173,21183,1817321183
"234",18029,21081,1802921081
"235",18029,39113,1802939113
"236",18029,39165,1802939165
"238",18147,21149,1814721149
"239",18147,21183,1814721183
"241",17153,21157,1715321157
"242",18061,21029,1806121029
"243",18061,21085,1806121085
"244",18061,21099,1806121099
"245",18061,21123,1806121123
"246",18061,21179,1806121179
"248",18061,21211,1806121211
"249",18061,21215,1806121215
"250",18155,21081,1815521081
"252",18155,21187,1815521187
"253",18155,21103,1815521103
"255",18077,21103,1807721103
"256",18077,21187,1807721187
"258",17127,21157,1712721157
"259",17127,21143,1712721143
"261",18123,21183,1812321183
"262",18123,21085,1812321085
"264",18129,21149,1812921149
"265",18129,21233,1812921233
"267",18043,21029,1804321029
"268",18043,21211,1804321211
"269",18043,21215,1804321215
"270",18115,21081,1811521081
"271",17151,21143,1715121143
"272",17151,21157,1715121157
"273",5139,22013,513922013
"274",5139,22061,513922061
"276",5139,22073,513922073
"278",5139,22083,513922083
"279",5003,22061,500322061
"280",5003,22073,500322073
"282",5003,22083,500322083
"283",5091,22081,509122081
"284",5091,22013,509122013
"286",5091,48343,509148343
"288",5027,22013,502722013
"290",5027,22061,502722061
"291",5073,22013,507322013
"293",5073,22081,507322081
"294",5017,22083,501722083
"295",5017,22073,501722073
"298",5017,28133,501728133
"299",5017,28125,501728125
"300",5017,28163,501728163
"301",5017,28053,501728053
"304",10005,24009,1000524009
"305",10005,24037,1000524037
"306",10005,24041,1000524041
"308",10001,24003,1000124003
"309",10001,24041,1000124041
"312",10003,24003,1000324003
"313",10003,34011,1000334011
"314",10003,34001,1000334001
"317",10003,42011,1000342011
"318",10003,42091,1000342091
"322",9005,25015,900525015
"324",9005,36111,900536111
"325",9013,25015,901325015
"327",9003,25015,900325015
"328",9015,25015,901525015
"329",18087,26025,1808726025
"330",18087,26077,1808726077
"333",18087,26159,1808726159
"334",18141,18127,1814118127
"335",18141,26159,1814126159
"336",18141,26077,1814126077
"338",18039,26025,1803926025
"339",18039,26077,1803926077
"340",18039,26159,1803926159
"343",18151,26025,1815126025
"344",18151,26077,1815126077
"346",18151,26075,1815126075
"347",18151,39069,1815139069
"348",18091,18127,1809118127
"349",18091,26159,1809126159
"350",19191,27109,1919127109
"351",19143,27033,1914327033
"352",19143,27165,1914327165
"354",19143,27101,1914327101
"355",19109,27013,1910927013
"356",19109,27161,1910927161
"358",19109,27165,1910927165
"359",19131,27039,1913127039
"360",19131,27109,1913127109
"361",19131,27147,1913127147
"362",19063,27013,1906327013
"363",19063,27165,1906327165
"364",19063,27033,1906327033
"366",19119,27101,1911927101
"367",19119,27033,1911927033
"369",19119,46125,1911946125
"370",19119,46079,1911946079
"371",19119,46087,1911946087
"373",19005,55103,1900555103
"374",19005,55057,1900555057
"375",19005,55081,1900555081
"377",19005,55111,1900555111
"378",19089,27039,1908927039
"379",19089,27109,1908927109
"380",19089,27147,1908927147
"382",19189,27013,1918927013
"383",19189,27161,1918927161
"384",19189,27147,1918927147
"386",19195,27147,1919527147
"387",19195,27161,1919527161
"388",19195,27039,1919527039
"389",19195,27109,1919527109
"391",19059,27033,1905927033
"392",19059,27165,1905927165
"393",1023,28061,102328061
"394",1023,28067,102328067
"395",1023,28111,102328111
"397",1023,28099,102328099
"398",1023,28101,102328101
"401",22107,28029,2210728029
"402",22107,28049,2210728049
"404",22107,28037,2210728037
"405",22107,28085,2210728085
"408",22107,28163,2210728163
"409",1107,28025,110728025
"410",1107,28105,110728105
"412",1107,28159,110728159
"413",1129,28111,112928111
"414",1129,28061,112928061
"415",1129,28067,112928067
"417",1075,28017,107528017
"418",1075,28025,107528025
"419",1075,28081,107528081
"421",1075,28105,107528105
"422",22117,28085,2211728085
"423",22117,28035,2211728035
"424",22117,28047,2211728047
"425",22117,28073,2211728073
"426",22117,28131,2211728131
"427",22117,28077,2211728077
"429",22117,28065,2211728065
"432",5077,28107,507728107
"433",5077,28119,507728119
"434",5077,28137,507728137
"435",1077,28117,107728117
"436",1077,47039,107747039
"437",1077,47101,107747101
"438",1077,47135,107747135
"440",1077,47119,107747119
"441",1077,47117,107747117
"443",1077,47023,107747023
"445",1077,47077,107747077
"446",5107,28107,510728107
"447",5107,28119,510728119
"448",5107,28137,510728137
"449",5107,28133,510728133
"452",5107,28135,510728135
"453",1093,28081,109328081
"454",1093,28117,109328117
"455",1093,28017,109328017
"456",1093,28025,109328025
"458",22037,28037,2203728037
"459",22037,28085,2203728085
"461",1119,28105,111928105
"462",1119,28159,111928159
"463",1119,28061,111928061
"464",1119,28099,111928099
"465",1119,28101,111928101
"469",22029,28037,2202928037
"471",22065,28049,2206528049
"472",22065,28163,2206528163
"475",22105,28085,2210528085
"476",22105,28037,2210528037
"478",22035,28049,2203528049
"479",22035,28163,2203528163
"480",22035,28125,2203528125
"482",1059,28117,105928117
"483",1059,28081,105928081
"485",1097,28111,109728111
"486",1097,28047,109728047
"487",1097,28131,109728131
"490",22125,28037,2212528037
"491",22103,22087,2210322087
"492",22103,28047,2210328047
"493",22103,28131,2210328131
"494",22103,28035,2210328035
"496",22103,28073,2210328073
"498",5035,28107,503528107
"499",5035,28119,503528119
"500",5035,28137,503528137
"502",5035,47075,503547075
"503",22091,28037,2209128037
"504",22091,28085,2209128085
"505",1033,28117,103328117
"506",5041,28133,504128133
"507",17157,29017,1715729017
"508",17157,29123,1715729123
"509",17157,29187,1715729187
"511",20121,29083,2012129083
"512",20121,29185,2012129185
"514",20121,29101,2012129101
"515",21075,29207,2107529207
"517",21075,47053,2107547053
"518",17119,29071,1711929071
"519",17119,29219,1711929219
"521",19051,29001,1905129001
"523",19051,29103,1905129103
"524",19177,29103,1917729103
"525",19177,29001,1917729001
"527",17149,29137,1714929137
"528",17149,29205,1714929205
"529",17149,29007,1714929007
"530",17149,29139,1714929139
"533",20209,29101,2020929101
"534",20209,29107,2020929107
"535",20209,29177,2020929177
"536",20209,29049,2020929049
"539",5015,29043,501529043
"540",5015,29109,501529109
"543",5015,29067,501529067
"544",20091,29083,2009129083
"545",20091,29101,2009129101
"547",20091,29107,2009129107
"548",20091,29177,2009129177
"549",20037,29039,2003729039
"550",20037,29057,2003729057
"552",20037,29185,2003729185
"554",20037,29109,2003729109
"555",19185,29079,1918529079
"556",19185,29211,1918529211
"557",19185,29001,1918529001
"559",17083,29071,1708329071
"560",17083,29219,1708329219
"561",19071,31109,1907131109
"562",19071,31155,1907131155
"563",19071,31097,1907131097
"565",5009,29043,500929043
"566",5009,29067,500929067
"567",20107,29083,2010729083
"568",20107,29185,2010729185
"569",20107,29039,2010729039
"571",17133,29071,1713329071
"572",17133,29187,1713329187
"573",17133,29221,1713329221
"576",5021,29035,502129035
"577",5021,29207,502129207
"578",5021,29223,502129223
"581",17013,29007,1701329007
"582",17013,29139,1701329139
"583",17013,29071,1701329071
"584",17013,29219,1701329219
"587",19145,29075,1914529075
"588",19053,29079,1905329079
"589",19053,29211,1905329211
"590",19053,29061,1905329061
"591",19053,29075,1905329075
"593",5135,29035,513529035
"594",5135,29203,513529203
"595",19111,29103,1911129103
"596",20043,29063,2004329063
"597",20043,29075,2004329075
"598",20043,29049,2004329049
"600",17181,29017,1718129017
"601",17181,29207,1718129207
"603",17181,29123,1718129123
"604",17181,29187,1718129187
"605",20021,29109,2002129109
"606",20021,29057,2002129057
"608",20021,40097,2002140097
"609",20021,40131,2002140131
"610",19159,29075,1915929075
"611",19159,29061,1915929061
"613",19159,29079,1915929079
"614",5093,29207,509329207
"615",5093,47033,509347033
"616",5093,47075,509347075
"618",5093,47053,509347053
"620",5007,29109,500729109
"621",5007,40021,500740021
"623",5007,40097,500740097
"624",5049,29067,504929067
"625",5049,29035,504929035
"626",5049,29203,504929203
"629",5049,29215,504929215
"630",20005,29049,2000529049
"631",20005,29063,2000529063
"633",19173,29075,1917329075
"635",20011,29039,2001129039
"636",20011,29185,2001129185
"637",5031,29207,503129207
"638",5121,29035,512129035
"639",5121,29203,512129203
"641",19007,29001,1900729001
"642",19007,29211,1900729211
"644",5089,29067,508929067
"645",5089,29043,508929043
"647",20103,29049,2010329049
"648",5055,29207,505529207
"649",5005,29067,500529067
"650",17163,29071,1716329071
"651",21105,47017,2110547017
"652",21105,47053,2110547053
"654",17077,29017,1707729017
"655",17077,29123,1707729123
"656",17077,29187,1707729187
"657",17001,29137,1700129137
"658",17001,29205,1700129205
"659",17001,29103,1700129103
"661",16049,30023,1604930023
"662",16049,30039,1604930039
"663",16049,30029,1604930029
"665",16049,30047,1604930047
"666",16049,30077,1604930077
"667",16049,41061,1604941061
"668",16021,30029,1602130029
"669",16021,53065,1602153065
"670",16017,30029,1601730029
"672",16017,30047,1601730047
"673",16017,53043,1601753043
"674",16017,53065,1601753065
"676",16079,30029,1607930029
"677",16079,30047,1607930047
"678",16033,30023,1603330023
"679",16033,30093,1603330093
"680",16059,30023,1605930023
"681",16059,30093,1605930093
"683",16059,30039,1605930039
"684",16035,30029,1603530029
"685",16035,30039,1603530039
"686",16035,30047,1603530047
"687",16035,30077,1603530077
"688",16043,30007,1604330007
"689",16043,30043,1604330043
"690",16043,30059,1604330059
"691",16043,30023,1604330023
"692",16043,30093,1604330093
"695",16043,56013,1604356013
"696",16043,56035,1604356035
"697",29087,31097,2908731097
"698",20201,31059,2020131059
"699",20201,31151,2020131151
"702",20201,31097,2020131097
"703",20201,31109,2020131109
"705",8095,31085,809531085
"707",8095,31101,809531101
"708",8095,31111,809531111
"709",20153,31085,2015331085
"710",20153,31063,2015331063
"713",20157,31059,2015731059
"714",20157,31151,2015731151
"715",20157,31035,2015731035
"719",20183,31001,2018331001
"720",20183,31035,2018331035
"721",20183,31099,2018331099
"723",20183,31137,2018331137
"724",19085,31053,1908531053
"725",19085,31039,1908531039
"727",20117,31097,2011731097
"729",20117,31109,2011731109
"730",20117,31151,2011731151
"731",20039,31063,2003931063
"733",20039,31073,2003931073
"734",20039,31137,2003931137
"735",20131,31097,2013131097
"736",20147,31099,2014731099
"737",20147,31137,2014731137
"740",19193,31039,1919331039
"741",19193,31179,1919331179
"742",8075,31069,807531069
"743",8075,31123,807531123
"744",29005,31097,2900531097
"745",29005,31109,2900531109
"747",20089,31001,2008931001
"748",20089,31035,2008931035
"749",20089,31099,2008931099
"751",20089,31059,2008931059
"752",8115,31069,811531069
"753",8115,31123,811531123
"754",8115,31085,811531085
"755",8115,31101,811531101
"756",8115,31111,811531111
"759",19155,31053,1915531053
"760",19155,31155,1915531155
"763",19133,31039,1913331039
"764",19133,31179,1913331179
"766",19133,31053,1913331053
"767",19129,31155,1912931155
"768",19129,31109,1912931109
"770",20137,31099,2013731099
"771",20137,31137,2013731137
"772",20137,31063,2013731063
"773",20137,31073,2013731073
"775",8123,56031,812356031
"776",20023,31085,2002331085
"777",6049,32001,604932001
"778",6049,32027,604932027
"779",6049,32029,604932029
"780",6049,41017,604941017
"782",6049,41019,604941019
"783",6049,41039,604941039
"784",6051,32001,605132001
"786",6051,32029,605132029
"787",16073,32011,1607332011
"788",16073,32015,1607332015
"790",16073,32027,1607332027
"791",16073,41023,1607341023
"792",6091,32001,609132001
"793",6091,32027,609132027
"794",6091,32029,609132029
"795",16031,32011,1603132011
"796",16031,32015,1603132015
"797",16031,49011,1603149011
"798",16031,49057,1603149057
"799",6057,32001,605732001
"800",6057,32027,605732027
"801",6057,32029,605732029
"802",6027,32001,602732001
"803",6027,32011,602732011
"804",6027,32015,602732015
"805",6061,32029,606132029
"806",6061,32001,606132001
"807",6061,32027,606132027
"809",6035,32001,603532001
"810",6035,32027,603532027
"811",6035,32029,603532029
"812",16083,32011,1608332011
"813",16083,32015,1608332015
"814",23031,33001,2303133001
"816",23031,33013,2303133013
"818",25009,33013,2500933013
"820",25027,33013,2502733013
"821",25017,33013,2501733013
"822",23017,33001,2301733001
"823",4011,35029,401135029
"825",4011,35051,401135051
"827",4011,35053,401135053
"828",8007,35043,800735043
"829",8007,35028,800735028
"830",8007,35033,800735033
"832",8007,35049,800735049
"833",8067,35043,806735043
"834",8071,35021,807135021
"836",8071,35033,807135033
"837",8023,35021,802335021
"838",8023,35033,802335033
"840",4003,35029,400335029
"841",8021,35028,802135028
"842",8021,35033,802135033
"843",8021,35043,802135043
"844",8021,35049,802135049
"846",8083,35043,808335043
"847",8083,49015,808349015
"848",8083,49017,808349017
"849",8083,49055,808349055
"850",34003,36059,3400336059
"851",34003,36047,3400336047
"852",34003,36081,3400336081
"855",34037,36111,3403736111
"856",34037,42025,3403742025
"857",34037,42069,3403742069
"858",34037,42079,3403742079
"859",34031,36111,3403136111
"860",25003,36001,2500336001
"861",25003,36039,2500336039
"862",25003,36111,2500336111
"866",25003,36091,2500336091
"867",9001,36059,900136059
"868",9001,36111,900136111
"869",34017,36047,3401736047
"870",34017,36081,3401736081
"871",13111,47107,1311147107
"872",27027,38073,2702738073
"873",27027,38003,2702738003
"875",27027,38091,2702738091
"876",27089,38019,2708938019
"877",27089,38063,2708938063
"878",27089,38071,2708938071
"880",27089,38091,2708938091
"882",30085,38013,3008538013
"883",30085,38061,3008538061
"884",30085,38007,3008538007
"885",30085,38025,3008538025
"887",27155,38073,2715538073
"888",27155,46037,2715546037
"889",27069,38019,2706938019
"890",27107,38091,2710738091
"891",27107,38003,2710738003
"892",27107,38073,2710738073
"894",30025,38007,3002538007
"896",30025,38041,3002538041
"897",30025,38089,3002538089
"898",30091,38013,3009138013
"899",30091,38061,3009138061
"901",27119,38091,2711938091
"902",27119,38063,2711938063
"904",30109,38007,3010938007
"905",30109,38025,3010938025
"906",30109,38061,3010938061
"908",30083,38013,3008338013
"909",30083,38061,3008338061
"910",30083,38007,3008338007
"911",30083,38025,3008338025
"913",27167,38073,2716738073
"914",26115,39069,2611539069
"915",26115,39123,2611539123
"916",26115,39173,2611539173
"917",21161,39071,2116139071
"918",21161,39131,2116139131
"919",21161,39027,2116139027
"921",26059,39069,2605939069
"923",18001,39003,1800139003
"924",18001,39011,1800139011
"925",18001,39137,1800139137
"927",18001,39149,1800139149
"928",21191,39027,2119139027
"929",21191,39165,2119139165
"930",18075,39109,1807539109
"931",18075,39113,1807539113
"932",18075,39149,1807539149
"933",18075,39011,1807539011
"935",21089,39079,2108939079
"936",21089,39131,2108939131
"938",26091,39069,2609139069
"940",26091,39123,2609139123
"941",26091,39173,2609139173
"942",18177,39113,1817739113
"943",18177,39109,1817739109
"945",18177,39149,1817739149
"946",18033,39069,1803339069
"948",18033,39137,1803339137
"949",21019,39079,2101939079
"950",21019,54043,2101954043
"951",21037,39165,2103739165
"952",21037,39027,2103739027
"954",18161,39113,1816139113
"955",18161,39165,1816139165
"957",18047,39165,1804739165
"958",18047,39113,1804739113
"960",21023,39027,2102339027
"961",21023,39165,2102339165
"963",21023,39071,2102339071
"964",18003,39137,1800339137
"965",18003,39069,1800339069
"967",18003,39003,1800339003
"968",18003,39011,1800339011
"970",18135,39109,1813539109
"971",18135,39113,1813539113
"972",18135,39149,1813539149
"973",21015,39165,2101539165
"974",21117,39165,2111739165
"975",21135,39079,2113539079
"976",21135,39131,2113539131
"977",21135,39071,2113539071
"979",5033,40021,503340021
"980",5033,40061,503340061
"981",5033,40101,503340101
"983",20191,40047,2019140047
"985",20191,40103,2019140103
"986",5127,40061,512740061
"987",5127,40077,512740077
"988",5127,40127,512740127
"989",20007,40047,2000740047
"990",20007,40093,2000740093
"992",20007,40153,2000740153
"993",20025,40153,2002540153
"994",20099,40097,2009940097
"995",20099,40131,2009940131
"997",20077,40047,2007740047
"998",20077,40093,2007740093
"1000",20125,40131,2012540131
"1002",20125,40143,2012540143
"1003",20035,40103,2003540103
"1004",20035,40117,2003540117
"1005",20035,40143,2003540143
"1006",20035,40047,2003540047
"1008",35059,48341,3505948341
"1010",5113,40061,511340061
"1011",5113,40077,511340077
"1012",5113,40127,511340127
"1014",5081,40127,508140127
"1015",5081,48343,508148343
"1016",5133,40127,513340127
"1017",20033,40153,2003340153
"1018",20033,40093,2003340093
"1020",5131,40021,513140021
"1021",5131,40061,513140061
"1022",5131,40101,513140101
"1024",5131,40077,513140077
"1025",5131,40127,513140127
"1026",29119,40021,2911940021
"1027",29119,40097,2911940097
"1028",20019,40103,2001940103
"1029",20019,40117,2001940117
"1030",20019,40143,2001940143
"1031",20019,40131,2001940131
"1033",5143,40021,514340021
"1034",32031,41017,3203141017
"1035",32031,41013,3203141013
"1037",32031,41023,3203141023
"1038",6093,41017,609341017
"1039",6093,41019,609341019
"1040",6093,41039,609341039
"1043",6015,41019,601541019
"1044",6015,41011,601541011
"1046",16087,41023,1608741023
"1048",16087,41061,1608741061
"1049",32013,41013,3201341013
"1050",32013,41017,3201341017
"1051",32013,41023,3201341023
"1053",16003,41061,1600341061
"1054",16003,41023,1600341023
"1056",16069,41061,1606941061
"1057",16069,53001,1606953001
"1058",16069,53021,1606953021
"1059",16069,53043,1606953043
"1060",16075,41023,1607541023
"1061",16027,41023,1602741023
"1062",34041,42077,3404142077
"1063",34041,42091,3404142091
"1064",34041,42025,3404142025
"1065",34041,42069,3404142069
"1066",34041,42079,3404142079
"1069",24021,42041,2402142041
"1071",24021,42061,2402142061
"1072",24021,42067,2402142067
"1073",24021,42099,2402142099
"1074",24021,51061,2402151061
"1075",24021,51153,2402151153
"1076",36025,42069,3602542069
"1077",24025,42011,2402542011
"1078",24025,42043,2402542043
"1079",24025,42075,2402542075
"1080",24025,42041,2402542041
"1082",24001,42013,2400142013
"1083",24001,42021,2400142021
"1084",24001,42061,2400142061
"1086",24001,42129,2400142129
"1088",34015,42091,3401542091
"1090",36007,42069,3600742069
"1091",36007,42131,3600742131
"1093",36107,42069,3610742069
"1094",36107,42131,3610742131
"1095",36107,42081,3610742081
"1096",36107,42113,3610742113
"1098",24013,42041,2401342041
"1099",24013,42043,2401342043
"1101",36105,42069,3610542069
"1102",39007,42121,3900742121
"1103",36013,42047,3601342047
"1104",36013,42053,3601342053
"1105",36013,42121,3601342121
"1106",36015,42081,3601542081
"1107",36015,42113,3601542113
"1108",36015,42131,3601542131
"1110",39099,42019,3909942019
"1112",39099,42121,3909942121
"1113",39029,42003,3902942003
"1114",39029,42019,3902942019
"1116",24015,42011,2401542011
"1117",24015,42091,2401542091
"1119",24015,42043,2401542043
"1120",24015,42075,2401542075
"1121",24023,42021,2402342021
"1122",24023,42129,2402342129
"1124",24023,54001,2402354001
"1125",24023,54091,2402354091
"1126",24023,54093,2402354093
"1127",24023,54083,2402354083
"1129",36003,42023,3600342023
"1130",36003,42047,3600342047
"1132",36003,42035,3600342035
"1133",36003,42081,3600342081
"1134",24043,42061,2404342061
"1135",24043,42041,2404342041
"1137",24043,42067,2404342067
"1138",24043,42099,2404342099
"1139",24043,51061,2404351061
"1140",24043,51153,2404351153
"1141",36009,42047,3600942047
"1142",36009,42053,3600942053
"1143",36009,42121,3600942121
"1144",36009,42023,3600942023
"1146",34021,42077,3402142077
"1147",34021,42091,3402142091
"1148",39155,42019,3915542019
"1149",39155,42121,3915542121
"1151",34019,42077,3401942077
"1152",34019,42091,3401942091
"1153",24005,42041,2400542041
"1154",24005,42043,2400542043
"1155",34005,42091,3400542091
"1156",34005,42077,3400542077
"1158",36101,42081,3610142081
"1159",36101,42023,3610142023
"1160",36101,42035,3610142035
"1162",34007,42091,3400742091
"1163",9011,36103,901136103
"1164",37161,45087,3716145087
"1165",37161,45059,3716145059
"1167",37155,45041,3715545041
"1168",37155,45067,3715545067
"1169",37155,45031,3715545031
"1171",37155,45043,3715545043
"1173",37089,45059,3708945059
"1174",37175,45059,3717545059
"1175",13033,45063,1303345063
"1176",13033,45075,1303345075
"1177",13033,45081,1303345081
"1178",13033,45009,1303345009
"1179",13033,45029,1303345029
"1182",13051,45013,1305145013
"1183",37153,45031,3715345031
"1184",37153,45041,3715345041
"1186",37153,45055,3715345055
"1187",37045,45087,3704545087
"1188",37045,45023,3704545023
"1190",37149,45059,3714945059
"1191",37149,45087,3714945087
"1193",37179,45023,3717945023
"1194",37179,45039,3717945039
"1195",37179,45055,3717945055
"1196",37179,45031,3717945031
"1198",13181,45047,1318145047
"1199",13251,45009,1325145009
"1200",13251,45029,1325145029
"1202",13251,45013,1325145013
"1204",13073,45047,1307345047
"1205",13073,45081,1307345081
"1207",13147,45059,1314745059
"1208",37119,45023,3711945023
"1209",37119,45087,3711945087
"1211",37119,45039,3711945039
"1212",37119,45055,3711945055
"1213",13103,45013,1310345013
"1214",13103,45009,1310345009
"1216",13103,45029,1310345029
"1217",13245,45047,1324545047
"1218",13245,45081,1324545081
"1219",13245,45063,1324545063
"1220",13245,45075,1324545075
"1222",37007,45031,3700745031
"1223",37007,45041,3700745041
"1225",37007,45055,3700745055
"1226",13105,45047,1310545047
"1227",13105,45059,1310545059
"1230",37019,45043,3701945043
"1231",37019,45067,3701945067
"1232",37047,45043,3704745043
"1233",37047,45067,3704745067
"1234",37047,45041,3704745041
"1236",37165,45031,3716545031
"1237",37165,45041,3716545041
"1238",37071,45023,3707145023
"1239",37071,45087,3707145087
"1240",38051,46129,3805146129
"1241",38051,46045,3805146045
"1243",31031,46071,3103146071
"1245",31031,46095,3103146095
"1246",31031,46085,3103146085
"1250",27133,46079,2713346079
"1252",27133,46087,2713346087
"1253",27133,46125,2713346125
"1254",27117,46079,2711746079
"1255",27117,46057,2711746057
"1256",27117,46077,2711746077
"1259",27117,46087,2711746087
"1260",27117,46125,2711746125
"1261",27073,46029,2707346029
"1262",27073,46037,2707346037
"1264",27073,46057,2707346057
"1267",38081,46037,3808146037
"1268",38081,46045,3808146045
"1269",38081,46049,3808146049
"1270",38081,46115,3808146115
"1273",27081,46079,2708146079
"1274",27081,46029,2708146029
"1275",27081,46057,2708146057
"1277",27081,46077,2708146077
"1279",38001,46093,3800146093
"1280",38001,46137,3800146137
"1281",38001,46041,3800146041
"1282",38001,46129,3800146129
"1284",31027,46125,3102746125
"1285",31027,46067,3102746067
"1287",31051,46125,3105146125
"1288",31107,46067,3110746067
"1289",31107,46003,3110746003
"1290",31107,46015,3110746015
"1291",31107,46043,3110746043
"1293",31107,46085,3110746085
"1295",31107,46125,3110746125
"1296",31015,46003,3101546003
"1297",31015,46015,3101546015
"1298",31015,46043,3101546043
"1299",31015,46067,3101546067
"1300",31015,46085,3101546085
"1302",38085,46041,3808546041
"1303",38085,46129,3808546129
"1304",38085,46137,3808546137
"1305",38029,46041,3802946041
"1306",38029,46129,3802946129
"1307",38029,46137,3802946137
"1309",38021,46037,3802146037
"1310",38021,46045,3802146045
"1311",38021,46049,3802146049
"1312",38021,46115,3802146115
"1314",38021,46129,3802146129
"1315",30011,46093,3001146093
"1316",31103,46085,3110346085
"1318",31103,46095,3110346095
"1319",31103,46071,3110346071
"1321",38077,46037,3807746037
"1323",27011,46029,2701146029
"1324",27011,46037,2701146037
"1326",31045,46071,3104546071
"1327",19167,46125,1916746125
"1328",31165,56031,3116556031
"1329",31165,56009,3116556009
"1331",31161,46071,3116146071
"1332",27173,46029,2717346029
"1333",27173,46057,2717346057
"1334",28003,47023,2800347023
"1335",28003,47039,2800347039
"1336",28003,47077,2800347077
"1338",28003,47075,2800347075
"1339",28003,47113,2800347113
"1341",37011,47179,3701147179
"1342",37115,47179,3711547179
"1343",37115,47063,3711547063
"1344",37115,47089,3711547089
"1347",1089,47003,108947003
"1348",1089,47117,108947117
"1349",1089,47127,108947127
"1350",1089,47031,108947031
"1351",1089,47061,108947061
"1353",37039,47105,3703947105
"1354",37039,47107,3703947107
"1356",21171,47087,2117147087
"1357",21171,47159,2117147159
"1358",21171,47169,2117147169
"1360",21171,47133,2117147133
"1361",1083,47003,108347003
"1362",1083,47117,108347117
"1363",1083,47127,108347127
"1365",1083,47119,108347119
"1366",37009,51173,3700951173
"1367",37009,51197,3700951197
"1368",37009,51640,3700951640
"1369",21219,47021,2121947021
"1370",21219,47043,2121947043
"1371",21219,47083,2121947083
"1373",21219,47037,2121947037
"1374",37173,47093,3717347093
"1375",37173,47105,3717347105
"1376",37173,47089,3717347089
"1378",28141,47023,2814147023
"1379",28141,47039,2814147039
"1380",28141,47077,2814147077
"1381",21147,47001,2114747001
"1382",21147,47173,2114747173
"1384",21147,47049,2114747049
"1385",21147,47129,2114747129
"1386",37199,47179,3719947179
"1387",21035,47005,2103547005
"1388",21035,47083,2103547083
"1390",21035,47017,2103547017
"1391",21083,47005,2108347005
"1392",21083,47017,2108347017
"1394",21083,47053,2108347053
"1395",37075,47105,3707547105
"1396",37075,47107,3707547107
"1397",37075,47093,3707547093
"1399",21047,47021,2104747021
"1400",21047,47043,2104747043
"1401",21047,47083,2104747083
"1402",21047,47005,2104747005
"1404",21141,47021,2114147021
"1405",21141,47037,2114147037
"1406",37087,47063,3708747063
"1407",37087,47089,3708747089
"1409",37087,47093,3708747093
"1410",21053,47049,2105347049
"1411",21053,47133,2105347133
"1412",21053,47087,2105347087
"1414",37121,47179,3712147179
"1416",21003,47087,2100347087
"1417",21003,47159,2100347159
"1418",21003,47169,2100347169
"1419",21003,47037,2100347037
"1421",21003,47189,2100347189
"1422",21235,47057,2123547057
"1423",21235,47173,2123547173
"1424",21235,47001,2123547001
"1426",13083,47007,1308347007
"1427",13083,47121,1308347121
"1428",13083,47143,1308347143
"1429",13083,47153,1308347153
"1430",13083,47061,1308347061
"1432",28093,47075,2809347075
"1433",29155,47033,2915547033
"1434",29155,47053,2915547053
"1435",13213,47107,1321347107
"1436",13213,47121,1321347121
"1438",21057,47087,2105747087
"1439",21057,47133,2105747133
"1440",21013,47057,2101347057
"1441",21013,47173,2101347173
"1442",13313,47007,1331347007
"1443",13313,47121,1331347121
"1444",13313,47143,1331347143
"1445",13313,47153,1331347153
"1446",13313,47107,1331347107
"1448",21213,47021,2121347021
"1449",21213,47037,2121347037
"1451",21213,47169,2121347169
"1452",21213,47189,2121347189
"1453",13295,47007,1329547007
"1454",13295,47121,1329547121
"1455",13295,47143,1329547143
"1456",13295,47153,1329547153
"1457",28139,47023,2813947023
"1458",28139,47075,2813947075
"1459",28139,47113,2813947113
"1460",28009,47023,2800947023
"1461",28009,47075,2800947075
"1462",28009,47113,2800947113
"1464",21231,47001,2123147001
"1465",21231,47049,2123147049
"1466",21231,47129,2123147129
"1468",21231,47133,2123147133
"1469",21221,47005,2122147005
"1470",21221,47083,2122147083
"1471",13047,47007,1304747007
"1472",13047,47121,1304747121
"1473",13047,47143,1304747143
"1474",13047,47153,1304747153
"1475",40025,48341,4002548341
"1476",40025,48233,4002548233
"1478",40023,48119,4002348119
"1479",40023,48159,4002348159
"1480",40023,48343,4002348343
"1481",40023,48449,4002348449
"1483",35015,48475,3501548475
"1484",35015,48243,3501548243
"1486",35015,48371,3501548371
"1488",35037,48069,3503748069
"1489",35037,48375,3503748375
"1490",35037,48381,3503748381
"1491",35037,48341,3503748341
"1495",40009,48129,4000948129
"1496",40009,48179,4000948179
"1497",40009,48393,4000948393
"1500",40009,48191,4000948191
"1501",40129,48129,4012948129
"1502",40129,48179,4012948179
"1503",40129,48393,4012948393
"1506",40139,48393,4013948393
"1507",40139,48233,4013948233
"1508",40139,48341,4013948341
"1512",22019,48241,2201948241
"1513",22019,48199,2201948199
"1515",40007,48393,4000748393
"1517",35025,48135,3502548135
"1518",35025,48317,3502548317
"1519",35025,48329,3502548329
"1520",35025,48219,3502548219
"1521",35025,48445,3502548445
"1523",35025,48475,3502548475
"1525",35025,48279,3502548279
"1527",35025,48115,3502548115
"1531",40045,48393,4004548393
"1532",40045,48179,4004548179
"1534",35035,48243,3503548243
"1536",35035,48377,3503548377
"1537",22017,48401,2201748401
"1538",22017,48343,2201748343
"1539",22017,48183,2201748183
"1541",22017,48459,2201748459
"1544",40033,48009,4003348009
"1545",40033,48023,4003348023
"1547",40033,48237,4003348237
"1548",22085,48241,2208548241
"1549",22085,48405,2208548405
"1550",22085,48347,2208548347
"1551",22085,48401,2208548401
"1554",22031,48401,2203148401
"1555",22031,48347,2203148347
"1557",22031,48405,2203148405
"1558",35009,48069,3500948069
"1559",35009,48375,3500948375
"1560",35009,48381,3500948381
"1561",35009,48219,3500948219
"1562",35009,48279,3500948279
"1565",40057,48101,4005748101
"1566",40057,48191,4005748191
"1568",40057,48155,4005748155
"1569",40057,48129,4005748129
"1570",40057,48179,4005748179
"1572",35041,48219,3504148219
"1573",35041,48279,3504148279
"1574",35041,48445,3504148445
"1577",40085,48237,4008548237
"1578",40085,48497,4008548497
"1579",40085,48121,4008548121
"1581",40085,48085,4008548085
"1583",40095,48085,4009548085
"1584",40095,48121,4009548121
"1585",40089,48343,4008948343
"1586",40089,48119,4008948119
"1587",40089,48159,4008948159
"1589",40089,48449,4008948449
"1590",40141,48009,4014148009
"1591",40141,48023,4014148023
"1592",40141,48155,4014148155
"1595",40013,48085,4001348085
"1596",40013,48121,4001348121
"1597",40013,48119,4001348119
"1600",40013,48231,4001348231
"1601",22115,48241,2211548241
"1602",40067,48237,4006748237
"1603",40067,48497,4006748497
"1604",40067,48009,4006748009
"1606",22023,48071,2202348071
"1607",22023,48199,2202348199
"1608",22023,48291,2202348291
"1610",22023,48241,2202348241
"1611",40065,48101,4006548101
"1612",40065,48155,4006548155
"1613",40065,48009,4006548009
"1614",40065,48023,4006548023
"1616",22011,48241,2201148241
"1617",8085,49015,808549015
"1618",8085,49017,808549017
"1619",8085,49055,808549055
"1622",8033,49015,803349015
"1623",8033,49017,803349017
"1624",8033,49055,803349055
"1625",32017,49017,3201749017
"1627",32017,49031,3201749031
"1628",32017,49041,3201749041
"1629",32017,49039,3201749039
"1631",8077,49015,807749015
"1632",8077,49017,807749017
"1633",8077,49055,807749055
"1636",16041,49029,1604149029
"1637",16041,49057,1604149057
"1639",8113,49015,811349015
"1640",8113,49017,811349017
"1641",8113,49055,811349055
"1642",32033,49039,3203349039
"1643",32033,49049,3203349049
"1645",32033,49041,3203349041
"1646",32033,49011,3203349011
"1647",32033,49035,3203349035
"1649",32033,49057,3203349057
"1650",4005,49017,400549017
"1651",4005,49015,400549015
"1653",4005,49055,400549055
"1654",16007,49057,1600749057
"1655",16007,49029,1600749029
"1657",16007,56035,1600756035
"1658",8081,49007,808149007
"1659",8081,49013,808149013
"1660",8081,49015,808149015
"1662",8081,56009,808156009
"1663",8081,56013,808156013
"1664",8081,56025,808156025
"1666",8081,56035,808156035
"1667",8045,49007,804549007
"1668",8045,49013,804549013
"1669",8045,49015,804549015
"1671",8045,49055,804549055
"1672",16071,49057,1607149057
"1673",16071,49011,1607149011
"1675",35045,49015,3504549015
"1676",35045,49017,3504549017
"1677",35045,49055,3504549055
"1678",4017,49015,401749015
"1679",4017,49017,401749017
"1680",4017,49055,401749055
"1681",8103,49007,810349007
"1682",8103,49013,810349013
"1683",8103,49015,810349015
"1684",32007,49011,3200749011
"1685",32007,49035,3200749035
"1686",32007,49049,3200749049
"1687",32007,49057,3200749057
"1690",33009,50023,3300950023
"1691",33009,50019,3300950019
"1692",33009,50015,3300950015
"1695",36115,50023,3611550023
"1696",36031,50011,3603150011
"1697",36031,50015,3603150015
"1698",36031,50023,3603150023
"1700",36019,50011,3601950011
"1702",36019,50015,3601950015
"1703",36019,50023,3601950023
"1704",33007,50019,3300750019
"1705",47067,51167,4706751167
"1706",37033,51019,3703351019
"1707",37033,51031,3703351031
"1708",37033,51067,3703351067
"1710",37033,51037,3703351037
"1711",37145,51031,3714551031
"1712",37145,51037,3714551037
"1713",47163,51167,4716351167
"1715",47163,51173,4716351173
"1716",37185,51053,3718551053
"1717",37185,51111,3718551111
"1718",37185,51135,3718551135
"1719",37185,51037,3718551037
"1721",47091,51167,4709151167
"1722",47091,51173,4709151173
"1724",47091,51197,4709151197
"1725",47091,51640,4709151640
"1726",24017,11001,2401711001
"1727",24017,51153,2401751153
"1728",24017,51600,2401751600
"1729",24017,51610,2401751610
"1730",37073,51093,3707351093
"1731",37073,51181,3707351181
"1732",37073,51183,3707351183
"1733",37073,51620,3707351620
"1735",37073,51700,3707351700
"1736",37073,51740,3707351740
"1737",21195,51167,2119551167
"1738",21195,51720,2119551720
"1741",21195,54043,2119554043
"1742",21195,54045,2119554045
"1743",21195,54109,2119554109
"1744",37053,51131,3705351131
"1745",37053,51650,3705351650
"1746",37053,51710,3705351710
"1748",37053,51740,3705351740
"1749",37171,51173,3717151173
"1750",37171,51197,3717151197
"1751",37171,51640,3717151640
"1752",37171,51063,3717151063
"1753",37171,51155,3717151155
"1757",37171,51067,3717151067
"1758",47073,51167,4707351167
"1759",37169,51063,3716951063
"1760",37169,51067,3716951067
"1762",37169,51690,3716951690
"1763",37029,51710,3702951710
"1764",37029,51740,3702951740
"1765",37029,51093,3702951093
"1766",37029,51700,3702951700
"1768",37157,51067,3715751067
"1769",37157,51690,3715751690
"1770",37157,51019,3715751019
"1771",37157,51031,3715751031
"1773",37091,51093,3709151093
"1774",37091,51181,3709151181
"1775",37091,51183,3709151183
"1776",37091,51620,3709151620
"1777",24031,11001,2403111001
"1778",24031,51610,2403151610
"1779",24031,51061,2403151061
"1780",24031,51153,2403151153
"1783",24031,51600,2403151600
"1785",37077,51037,3707751037
"1786",37077,51111,3707751111
"1787",37077,51031,3707751031
"1789",21095,51167,2109551167
"1790",21095,51720,2109551720
"1791",24039,51103,2403951103
"1792",24039,51115,2403951115
"1793",24039,51119,2403951119
"1794",24039,51131,2403951131
"1795",24039,51133,2403951133
"1801",24033,11001,2403311001
"1802",24033,51153,2403351153
"1803",24033,51600,2403351600
"1804",24033,51610,2403351610
"1806",37131,51053,3713151053
"1807",37131,51183,3713151183
"1808",37131,51595,3713151595
"1810",37131,51111,3713151111
"1811",37131,51135,3713151135
"1812",37131,51093,3713151093
"1813",37131,51181,3713151181
"1815",37131,51620,3713151620
"1816",37005,51173,3700551173
"1817",37005,51197,3700551197
"1818",37005,51640,3700551640
"1819",37181,51037,3718151037
"1820",37181,51111,3718151111
"1821",21133,51167,2113351167
"1822",21133,51720,2113351720
"1823",24047,51103,2404751103
"1824",24047,51115,2404751115
"1825",24047,51119,2404751119
"1826",24047,51131,2404751131
"1827",24047,51133,2404751133
"1828",41049,53021,4104953021
"1829",41049,53025,4104953025
"1830",41049,53077,4104953077
"1832",41009,53041,4100953041
"1833",41009,53049,4100953049
"1835",41051,53041,4105153041
"1836",41051,53077,4105153077
"1837",41007,53041,4100753041
"1838",41007,53049,4100753049
"1839",41055,53077,4105553077
"1840",16057,53001,1605753001
"1841",16057,53021,1605753021
"1842",16057,53043,1605753043
"1843",41063,53021,4106353021
"1844",16055,53043,1605553043
"1845",16055,53065,1605553065
"1846",41059,53021,4105953021
"1847",41059,53025,4105953025
"1848",41059,53077,4105953077
"1851",41065,53077,4106553077
"1852",41027,53077,4102753077
"1853",41027,53041,4102753041
"1855",41021,53077,4102153077
"1856",16009,53043,1600953043
"1857",16009,53065,1600953065
"1858",16009,53001,1600953001
"1859",16009,53021,1600953021
"1861",39105,54079,3910554079
"1862",39105,54085,3910554085
"1863",39105,54105,3910554105
"1864",39105,54039,3910554039
"1866",39105,54087,3910554087
"1868",51091,54083,5109154083
"1869",51091,54101,5109154101
"1871",42051,54049,4205154049
"1872",42051,54091,4205154091
"1873",42051,54001,4205154001
"1875",42051,54093,4205154093
"1876",51027,54043,5102754043
"1877",51027,54045,5102754045
"1878",51027,54109,5102754109
"1880",39053,54079,3905354079
"1881",39053,54043,3905354043
"1883",42059,54049,4205954049
"1884",42059,54091,4205954091
"1885",42059,54017,4205954017
"1886",42059,54033,4205954033
"1888",39167,54085,3916754085
"1889",39167,54105,3916754105
"1890",39167,54017,3916754017
"1893",51071,54081,5107154081
"1894",51071,54109,5107154109
"1895",51071,54019,5107154019
"1897",39009,54085,3900954085
"1898",39009,54105,3900954105
"1899",21159,54043,2115954043
"1900",21159,54045,2115954045
"1901",21159,54109,2115954109
"1903",51165,54083,5116554083
"1904",51005,54019,5100554019
"1905",51005,54067,5100554067
"1906",51005,54101,5100554101
"1907",51015,54083,5101554083
"1908",51021,54081,5102154081
"1909",51021,54109,5102154109
"1910",51017,54083,5101754083
"1911",51017,54101,5101754101
"1912",51017,54019,5101754019
"1913",51017,54067,5101754067
"1915",39111,54017,3911154017
"1916",39111,54033,3911154033
"1917",39111,54049,3911154049
"1919",39111,54085,3911154085
"1920",21127,54043,2112754043
"1921",39087,54043,3908754043
"1922",39087,54079,3908754079
"1924",51185,54081,5118554081
"1925",51185,54109,5118554109
"1927",27169,55035,2716955035
"1928",27169,55053,2716955053
"1929",27169,55081,2716955081
"1932",27049,55033,2704955033
"1933",27049,55035,2704955035
"1935",17201,55025,1720155025
"1936",17201,55055,1720155055
"1938",17201,55049,1720155049
"1939",17111,26005,1711126005
"1940",17111,55101,1711155101
"1941",17111,55055,1711155055
"1943",17111,55133,1711155133
"1944",19061,55049,1906155049
"1945",19061,55103,1906155103
"1946",27115,27075,2711527075
"1947",27115,55007,2711555007
"1948",27115,55113,2711555113
"1949",27115,55129,2711555129
"1950",27115,55005,2711555005
"1952",27157,55035,2715755035
"1953",27157,55033,2715755033
"1955",19043,55103,1904355103
"1956",19043,55049,1904355049
"1958",26071,55067,2607155067
"1959",26071,55083,2607155083
"1960",26071,55085,2607155085
"1962",26071,55099,2607155099
"1963",27017,27075,2701727075
"1964",27017,55007,2701755007
"1965",27017,55113,2701755113
"1966",27017,55129,2701755129
"1967",17177,55049,1717755049
"1968",17177,55025,1717755025
"1970",26053,55003,2605355003
"1971",26053,55099,2605355099
"1972",26053,55085,2605355085
"1974",27025,55005,2702555005
"1975",27025,55129,2702555129
"1977",27025,55033,2702555033
"1978",17007,55055,1700755055
"1979",17007,55101,1700755101
"1980",17007,55133,1700755133
"1981",17007,55025,1700755025
"1983",17097,26005,1709726005
"1984",17097,55101,1709755101
"1985",27163,55033,2716355033
"1986",27163,55005,2716355005
"1990",27055,55057,2705555057
"1991",27055,55081,2705555081
"1992",27055,55103,2705555103
"1993",27055,55111,2705555111
"1994",27055,55053,2705555053
"1996",27037,55033,2703755033
"1997",26043,55029,2604355029
"1998",26043,55083,2604355083
"1999",26109,55029,2610955029
"2000",26109,55083,2610955083
"2001",27137,27075,2713727075
"2002",27137,55007,2713755007
"2003",27137,55113,2713755113
"2004",27137,55129,2713755129
"2005",46081,56009,4608156009
"2006",30075,56019,3007556019
"2007",30075,56009,3007556009
"2009",31105,56031,3110556031
"2010",30009,56019,3000956019
"2011",30009,56043,3000956043
"2012",30009,56013,3000956013
"2013",30009,56017,3000956017
"2015",46033,56009,4603356009
"2017",46033,56031,4603356031
"2018",49043,56013,4904356013
"2019",49043,56035,4904356035
"2020",8069,56031,806956031
"2021",8069,56009,806956009
"2023",30031,56013,3003156013
"2024",30031,56017,3003156017
"2025",30031,56043,3003156043
"2027",30031,56035,3003156035
"2028",16081,56013,1608156013
"2029",16081,56035,1608156035
"2030",16019,56035,1601956035
"2031",16019,56013,1601956013
"2033",49033,56035,4903356035
"2034",30003,56019,3000356019
"2036",30003,56043,3000356043
"2037",31157,56031,3115756031
"2038",8057,56009,805756009
"2039",8057,56031,805756031
"2041",8057,56013,805756013
"2042",8057,56025,805756025
"2043",46103,56009,4610356009
"2044",8107,56009,810756009
"2045",8107,56013,810756013
"2046",8107,56025,810756025
"2047",16029,56035,1602956035
"2048",31007,56031,3100756031
"2050",30067,56013,3006756013
"2051",30067,56017,3006756017
"2052",30067,56043,3006756043
"2053",49009,56013,4900956013
"2054",49009,56035,4900956035
"2055",46047,56009,4604756009
"2056",46047,56031,4604756031
